icb_ons_code,region_ons_code,region_name
E54000008,E40000010,North West
E54000010,E40000011,Midlands
E54000011,E40000011,Midlands
E54000013,E40000011,Midlands
E54000015,E40000011,Midlands
E54000018,E40000011,Midlands
E54000019,E40000011,Midlands
E54000022,E40000007,East of England
E54000023,E40000007,East of England
E54000024,E40000007,East of England
E54000025,E40000007,East of England
E54000026,E40000007,East of England
E54000027,E40000003,London
E54000028,E40000003,London
E54000029,E40000003,London
E54000030,E40000003,London
E54000031,E40000003,London
E54000032,E40000005,South East
E54000034,E40000005,South East
E54000036,E40000006,South West
E54000037,E40000006,South West
E54000038,E40000006,South West
E54000039,E40000006,South West
E54000040,E40000006,South West
E54000041,E40000006,South West
E54000042,E40000005,South East
E54000043,E40000006,South West
E54000044,E40000005,South East
E54000048,E40000010,North West
E54000050,E40000012,North East and Yorkshire
E54000051,E40000012,North East and Yorkshire
E54000052,E40000005,South East
E54000053,E40000005,South East
E54000054,E40000012,North East and Yorkshire
E54000055,E40000011,Midlands
E54000056,E40000007,East of England
E54000057,E40000010,North West
E54000058,E40000011,Midlands
E54000059,E40000011,Midlands
E54000060,E40000011,Midlands
E54000061,E40000012,North East and Yorkshire
E54000062,E40000011,Midlands
